ALLSTON,BOSTON
ARLINGTON HEIGHTS,ARLINGTON
ASSONET,FREETOWN
ATTLEBOROUGH FALLS,ATTLEBORO
AUBURNDALE,NEWTON
BALDWINVILLE,TEMPLETON
BASS RIVER,YARMOUTH
BECKET CENTER,BECKET
BEVERLY FARMS,BEVERLY
BONDSVILLE,PALMER
BRADFORD,HAVERHILL
BRIGHTON,BOSTON
BROOKLINE VILLAGE,BROOKLINE
BUZZARDS BAY,BOURNE
BYFIELD,NEWBURY
CAMPELLO,BROCKTON
CATAUMET,BOURNE
CEDARVILLE,PLYMOUTH
CENTERVILLE,BARNSTABLE
CHARLESTOWN,BOSTON
CHARLTON CITY,CHARLTON
CHERRY VALLEY,LEICESTER
CHESTNUT HILL,NEWTON
CHICOPEE CENTER,CHICOPEE
CHICOPEE FALLS,CHICOPEE
COTUIT,BARNSTABLE
CUTTYHUNK,GOSNOLD
DENNIS PORT,DENNIS
DEVENS,AYER
DORCHESTER,BOSTON
DORCHESTER CENTER,BOSTON
DRURY,FLORIDA
DUDLEY CENTER,DUDLEY
EAST BOSTON,BOSTON
EAST BRAINTREE,BRAINTREE
EAST DEERFIELD,DEERFIELD
EAST DENNIS,DENNIS
EAST DOUGLAS,DOUGLAS
EAST FALMOUTH,FALMOUTH
EAST FREETOWN,FREETOWN
EAST HARWICH,HARWICH
EAST ORLEANS,ORLEANS
EAST OTIS,OTIS
EAST PEPPERELL,PEPPERELL
EAST SANDWICH,SANDWICH
EAST TAUNTON,TAUNTON
EAST TEMPLETON,TEMPLETON
EAST WALPOLE,WALPOLE
EAST WAREHAM,WAREHAM
EAST WEYMOUTH,WEYMOUTH
FEEDING HILLS,AGAWAM
FLORENCE,NORTHAMPTON
GAY HEAD,AQUINNAH
GILBERTVILLE,HARDWICK
GREEN HARBOR,MARSHFIELD
HANSCOM AFB,BEDFORD
HARWICH PORT,HARWICH
HAYDENVILLE,WILLIAMSBURG
HINGHAM CENTER,HINGHAM
HOUSATONIC,GREAT BARRINGTON
HYANNIS,BARNSTABLE
HYANNIS PORT,BARNSTABLE
HYDE PARK,BOSTON
INDIAN ORCHARD,SPRINGFIELD
INTERLAKEN,STOCKBRIDGE
JAMAICA PLAIN,BOSTON
JEFFERSON,HOLDEN
LEEDS,NORTHAMPTON
LENOX DALE,LENOX
LENOXDALE,LENOX
LITTLETON COMMON,LITTLETON
LUDLOW CENTER,LUDLOW
MANCHAUG,WORCESTER
MANCHESTER BY THE SEA,MANCHESTER
MANOMET,PLYMOUTH
MARBLEHEAD NECK,MARBLEHEAD
MARSHFIELD CENTER,MARSHFIELD
MARSTONS MILLS,BARNSTABLE
MATTAPAN,BOSTON
MENEMSHA,CHILMARK
MERRIMACPORT,MERRIMAC
NANTASKET,HULL
NEEDHAM HEIGHTS,NEEDHAM
NEWTON CENTER,NEWTON
NEWTON HIGHLANDS,NEWTON
NEWTON LOWER FALLS,NEWTON
NEWTON UPPER FALLS,NEWTON
NEWTONVILLE,NEWTON
NORTH ABINGTON,ABINGTON
NORTH AMHERST,AMHERST
NORTH BILLERICA,BILLERICA
NORTH CARVER,CARVER
NORTH CHATHAM,CHATHAM
NORTH CHELMSFORD,CHELMSFORD
NORTH DARTMOUTH,DARTMOUTH
NORTH DIGHTON,DIGHTON
NORTH EASTHAM,EASTHAM
NORTH EASTON,EASTON
NORTH EGREMONT,EGREMONT
NORTH FALMOUTH,FALMOUTH
NORTH GRAFTON,GRAFTON
NORTH HATFIELD,HATFIELD
NORTH OXFORD,OXFORD
NORTH PLYMOUTH,PLYMOUTH
NORTH QUINCY,QUINCY
NORTH TRURO,TRURO
NORTH UXBRIDGE,UXBRIDGE
NORTH WEYMOUTH,WEYMOUTH
NORTHBRIDGE CENTER,NORTHBRIDGE
OAKDALE,WEST BOYLSTON
ONSET,WAREHAM
OSTERVILLE,BARNSTABLE
OTIS AFB,SANDWICH
OTTER RIVER,MASHPEE
PALMER CENTER,PALMER
POCASSET,BOURNE
READVILLE,BOSTON
REVERE BEACH,REVERE
ROCHDALE,LEICESTER
ROSLINDALE,BOSTON
ROXBURY,BOSTON
SAGAMORE,BOURNE
SAGAMORE BEACH,BOURNE
SHELBURNE FALLS,SHELBURNE
SIASCONSET,NANTUCKET
SOUTH AMHERST,AMHERST
SOUTH ATTLEBORO,ATTLEBORO
SOUTH BOSTON,BOSTON
SOUTH CARVER,CARVER
SOUTH CHATHAM,CHATHAM
SOUTH DARTMOUTH,DARTMOUTH
SOUTH DEERFIELD,DEERFIELD
SOUTH DENNIS,DENNIS
SOUTH EASTON,EASTON
SOUTH EGREMONT,EGREMONT
SOUTH GRAFTON,GRAFTON
SOUTH HAMILTON,HAMILTON
SOUTH HARWICH,HARWICH
SOUTH LANCASTER,LANCASTER
SOUTH LEE,LEE
SOUTH LINCOLN,LINCOLN
SOUTH NATICK,NATICK
SOUTH ORLEANS,ORLEANS
SOUTH WELLFLEET,WELLFLEET
SOUTH WEYMOUTH,WEYMOUTH
SOUTH YARMOUTH,YARMOUTH
SOUTHFIELD,NEW MARLBOROUGH
THORNDIKE,PALMER
THREE RIVERS,PALMER
TURNERS FALLS,MONTAGUE
VINEYARD HAVEN,TISBURY
WABAN,NEWTON
WELLESLEY HILLS,WELLESLEY
WEST BARNSTABLE,BARNSTABLE
WEST CHATHAM,CHATHAM
WEST DENNIS,DENNIS
WEST FALMOUTH,FALMOUTH
WEST GROTON,GROTON
WEST HARWICH,HARWICH
WEST HYANNISPORT,BARNSTABLE
WEST MANSFIELD,MANSFIELD
WEST MEDWAY,MEDWAY
WEST NEWTON,NEWTON
WEST PEABODY,PEABODY
WEST ROXBURY,BOSTON
WEST WAREHAM,WAREHAM
WEST WARREN,WARREN
WEST YARMOUTH,YARMOUTH
WESTPORT POINT,WESTPORT
WHITEVILLE,MANSFIELD
WHITINSVILLE,NORTHBRIDGE
WINCHENDON CENTER,WINCHENDON
WOODS HOLE,FALMOUTH
WORONOCO,RUSSELL
WYBEN,WESTFIELD
YARMOUTH PORT,YARMOUTH
